{
    "images_amount": 50,
    "results": {
        "yolo11n_float32.tflite": {
            "inference_time (ms)": 130.4479742050171,
            "memory_usage (MiB)": 193.1205416666667,
            "cpu_temperature (C)": 64.206,
            "cpu_usage (%)": 87.60999999999999,
            "energy_consumption (W)": 3.6902500000000007
        },
        "yolo11n_dynamic_int8_default.tflite": {
            "inference_time (ms)": 279.3597078323364,
            "memory_usage (MiB)": 167.15625,
            "cpu_temperature (C)": 63.598,
            "cpu_usage (%)": 84.07,
            "energy_consumption (W)": 3.60175
        },
        "yolo11n_float16_experimental.tflite": {
            "inference_time (ms)": 124.01075839996338,
            "memory_usage (MiB)": 207.648125,
            "cpu_temperature (C)": 69.07199999999999,
            "cpu_usage (%)": 88.74600000000001,
            "energy_consumption (W)": 3.7186500000000002
        },
        "yolo11n_float16_default.tflite": {
            "inference_time (ms)": 124.33645725250244,
            "memory_usage (MiB)": 208.355625,
            "cpu_temperature (C)": 70.54400000000001,
            "cpu_usage (%)": 88.66799999999999,
            "energy_consumption (W)": 3.7166999999999994
        },
        "yolo11n_dynamic_int8_experimental.tflite": {
            "inference_time (ms)": 278.53431224823,
            "memory_usage (MiB)": 206.0625,
            "cpu_temperature (C)": 64.624,
            "cpu_usage (%)": 84.108,
            "energy_consumption (W)": 3.6027000000000005
        }
    }
}