{
    "images_amount": 50,
    "results": {
        "yolo11n_float32.tflite": {
            "inference_time (ms)": 130.35075664520264,
            "memory_usage (MiB)": 194.14339583333333,
            "cpu_temperature (C)": 63.77199999999999,
            "cpu_usage (%)": 87.524,
            "energy_consumption (W)": 3.6881
        },
        "yolo11n_dynamic_int8_default.tflite": {
            "inference_time (ms)": 281.6347408294678,
            "memory_usage (MiB)": 168.203125,
            "cpu_temperature (C)": 64.52,
            "cpu_usage (%)": 83.706,
            "energy_consumption (W)": 3.5926500000000003
        },
        "yolo11n_visdrone_int8.tflite": {
            "inference_time (ms)": 264.35720443725586,
            "memory_usage (MiB)": 171.890625,
            "cpu_temperature (C)": 65.34600000000002,
            "cpu_usage (%)": 84.256,
            "energy_consumption (W)": 3.6064000000000003
        },
        "yolo11n_float16_experimental.tflite": {
            "inference_time (ms)": 129.21393394470215,
            "memory_usage (MiB)": 209.0525,
            "cpu_temperature (C)": 71.60999999999999,
            "cpu_usage (%)": 88.72200000000001,
            "energy_consumption (W)": 3.7180499999999994
        },
        "yolo11n_float16_default.tflite": {
            "inference_time (ms)": 129.04103755950928,
            "memory_usage (MiB)": 209.5296875,
            "cpu_temperature (C)": 73.95799999999998,
            "cpu_usage (%)": 88.806,
            "energy_consumption (W)": 3.72015
        },
        "yolo11n_dynamic_int8_experimental.tflite": {
            "inference_time (ms)": 276.81116580963135,
            "memory_usage (MiB)": 207.28125,
            "cpu_temperature (C)": 68.318,
            "cpu_usage (%)": 84.25,
            "energy_consumption (W)": 3.60625
        },
        "best_yolo11n_visdrone_float16.tflite": {
            "inference_time (ms)": 120.97172737121582,
            "memory_usage (MiB)": 209.5625,
            "cpu_temperature (C)": 71.628,
            "cpu_usage (%)": 87.47799999999998,
            "energy_consumption (W)": 3.6869499999999995
        }
    }
}