{
    "images_amount": 50,
    "results": {
        "yolo11n_float32.tflite": {
            "inference_time (ms)": 130.79579830169678,
            "memory_usage (MiB)": 194.21272265625,
            "cpu_temperature (C)": 65.988,
            "cpu_usage (%)": 87.45599999999999,
            "energy_consumption (W)": 6.4606
        },
        "yolo11n_dynamic_int8_default.tflite": {
            "inference_time (ms)": 280.96842765808105,
            "memory_usage (MiB)": 168.265625,
            "cpu_temperature (C)": 65.8,
            "cpu_usage (%)": 84.51,
            "energy_consumption (W)": 6.3339
        },
        "yolo11n_visdrone_int8.tflite": {
            "inference_time (ms)": 267.787823677063,
            "memory_usage (MiB)": 171.96875,
            "cpu_temperature (C)": 64.824,
            "cpu_usage (%)": 84.522,
            "energy_consumption (W)": 6.3344
        },
        "yolo11n_float16_experimental.tflite": {
            "inference_time (ms)": 130.62339305877686,
            "memory_usage (MiB)": 209.153125,
            "cpu_temperature (C)": 69.956,
            "cpu_usage (%)": 88.64000000000001,
            "energy_consumption (W)": 6.5115
        },
        "yolo11n_float16_default.tflite": {
            "inference_time (ms)": 125.24590015411377,
            "memory_usage (MiB)": 209.421875,
            "cpu_temperature (C)": 73.172,
            "cpu_usage (%)": 88.558,
            "energy_consumption (W)": 6.508
        },
        "yolo11n_dynamic_int8_experimental.tflite": {
            "inference_time (ms)": 279.3463659286499,
            "memory_usage (MiB)": 207.140625,
            "cpu_temperature (C)": 67.926,
            "cpu_usage (%)": 84.35600000000001,
            "energy_consumption (W)": 6.3273
        }
    }
}